[
    {
        "complete": false,
        "date": "2025-04-16",
        "detail": " ",
        "iconPath": ":/icon/data/Bookmark.png",
        "id": 6,
        "parentTask": -1,
        "reminded": false,
        "reminder": "2025-04-16 13:55",
        "subTasks": [
        ],
        "title": "집에가기"
    },
    {
        "complete": false,
        "date": "2025-04-16",
        "detail": " ",
        "iconPath": ":/icon/data/Bookmark.png",
        "id": 7,
        "parentTask": -1,
        "reminded": true,
        "reminder": "2025-04-16 16:47",
        "subTasks": [
            10,
            11
        ],
        "title": "퇴근하기"
    },
    {
        "complete": true,
        "date": "2025-04-16",
        "detail": " ",
        "iconPath": ":/icon/data/Bookmark.png",
        "id": 8,
        "parentTask": -1,
        "reminded": false,
        "reminder": "2025-04-16 14:08",
        "subTasks": [
        ],
        "title": "공부하기"
    },
    {
        "complete": false,
        "date": "2025-04-16",
        "detail": " ",
        "iconPath": ":/icon/data/Bookmark.png",
        "id": 9,
        "parentTask": -1,
        "reminded": false,
        "reminder": "2025-04-16 14:08",
        "subTasks": [
        ],
        "title": "출근하기?"
    },
    {
        "complete": false,
        "date": "2025-04-16",
        "detail": " ",
        "iconPath": ":/icon/data/Bookmark.png",
        "id": 10,
        "parentTask": 7,
        "reminded": false,
        "reminder": "2025-04-16 14:41",
        "subTasks": [
        ],
        "title": "버스타기"
    },
    {
        "complete": true,
        "date": "2025-04-16",
        "detail": " ",
        "iconPath": ":/icon/data/Bookmark.png",
        "id": 11,
        "parentTask": 7,
        "reminded": false,
        "reminder": "2025-04-16 14:41",
        "subTasks": [
        ],
        "title": "퇴근 QR 찍기"
    }
]
